{"accuracy": [0.23188406229019165, 0.5513284802436829, 0.6853864789009094, 0.7560386657714844, 0.8007246255874634, 0.8429951667785645, 0.8647342920303345, 0.8882850408554077, 0.8943236470222473, 0.8907004594802856], "loss": [2.7351560592651367, 1.6161166429519653, 1.2016584873199463, 0.9248875975608826, 0.7635529041290283, 0.6553870439529419, 0.5596998929977417, 0.49790966510772705, 0.4589836001396179, 0.4276309311389923], "val_accuracy": [0.5289017558097839, 0.6994219422340393, 0.8005780577659607, 0.8381502628326416, 0.8699421882629395, 0.8959537744522095, 0.9248554706573486, 0.9335260391235352, 0.9479768872261047, 0.9508670568466187], "val_loss": [1.8102822303771973, 1.235779047012329, 0.9141010642051697, 0.7328681945800781, 0.5832498669624329, 0.5155447125434875, 0.4215008020401001, 0.3733016550540924, 0.32265156507492065, 0.28724226355552673], "learning_rate": [0.0010000000474974513, 0.0010000000474974513, 0.0010000000474974513, 0.0010000000474974513, 0.0010000000474974513, 0.0010000000474974513, 0.0010000000474974513, 0.0010000000474974513, 0.0010000000474974513, 0.0010000000474974513]}